<metadata xml:lang="en"><Esri><CreaDate>20210402</CreaDate><CreaTime>19531200</CreaTime><ArcGISFormat>1.0</ArcGISFormat><SyncOnce>FALSE</SyncOnce><DataProperties><itemProps><itemName Sync="TRUE">ZIP_CODES</itemName><itemLocation><linkage Sync="TRUE">file://\\SCRIPTS\share2\data\DIVA_Data\PUBLIC_Data\Shapefiles_2021-04-05\ZIP_CODES.shp</linkage><protocol Sync="TRUE">Local Area Network</protocol></itemLocation><nativeExtBox><westBL Sync="TRUE">6150765.060000</westBL><eastBL Sync="TRUE">6613437.000000</eastBL><southBL Sync="TRUE">1775304.090000</southBL><northBL Sync="TRUE">2129760.000000</northBL><exTypeCode Sync="TRUE">1</exTypeCode></nativeExtBox><itemSize Sync="TRUE">2.090</itemSize><imsContentType Sync="TRUE">002</imsContentType></itemProps><coordRef><type Sync="TRUE">Projected</type><geogcsn Sync="TRUE">GCS_North_American_1983</geogcsn><csUnits Sync="TRUE">Linear Unit: Foot_US (0.304801)</csUnits><projcsn Sync="TRUE">NAD_1983_StatePlane_California_VI_FIPS_0406_Feet</projcsn><peXml Sync="TRUE">&lt;ProjectedCoordinateSystem xsi:type='typens:ProjectedCoordinateSystem' xmlns:xsi='http://www.w3.org/2001/XMLSchema-instance' xmlns:xs='http://www.w3.org/2001/XMLSchema' xmlns:typens='http://www.esri.com/schemas/ArcGIS/10.5'&gt;&lt;WKT&gt;PROJCS[&amp;quot;NAD_1983_StatePlane_California_VI_FIPS_0406_Feet&amp;quot;,GEOGCS[&amp;quot;GCS_North_American_1983&amp;quot;,DATUM[&amp;quot;D_North_American_1983&amp;quot;,SPHEROID[&amp;quot;GRS_1980&amp;quot;,6378137.0,298.257222101]],PRIMEM[&amp;quot;Greenwich&amp;quot;,0.0],UNIT[&amp;quot;Degree&amp;quot;,0.0174532925199433]],PROJECTION[&amp;quot;Lambert_Conformal_Conic&amp;quot;],PARAMETER[&amp;quot;False_Easting&amp;quot;,6561666.666666666],PARAMETER[&amp;quot;False_Northing&amp;quot;,1640416.666666667],PARAMETER[&amp;quot;Central_Meridian&amp;quot;,-116.25],PARAMETER[&amp;quot;Standard_Parallel_1&amp;quot;,32.78333333333333],PARAMETER[&amp;quot;Standard_Parallel_2&amp;quot;,33.88333333333333],PARAMETER[&amp;quot;Latitude_Of_Origin&amp;quot;,32.16666666666666],UNIT[&amp;quot;Foot_US&amp;quot;,0.3048006096012192],AUTHORITY[&amp;quot;EPSG&amp;quot;,2230]]&lt;/WKT&gt;&lt;XOrigin&gt;-118608900&lt;/XOrigin&gt;&lt;YOrigin&gt;-91259500&lt;/YOrigin&gt;&lt;XYScale&gt;35979706.307677768&lt;/XYScale&gt;&lt;ZOrigin&gt;-100000&lt;/ZOrigin&gt;&lt;ZScale&gt;10000&lt;/ZScale&gt;&lt;MOrigin&gt;-100000&lt;/MOrigin&gt;&lt;MScale&gt;10000&lt;/MScale&gt;&lt;XYTolerance&gt;0.0032808333333333331&lt;/XYTolerance&gt;&lt;ZTolerance&gt;0.001&lt;/ZTolerance&gt;&lt;MTolerance&gt;0.001&lt;/MTolerance&gt;&lt;HighPrecision&gt;true&lt;/HighPrecision&gt;&lt;WKID&gt;102646&lt;/WKID&gt;&lt;LatestWKID&gt;2230&lt;/LatestWKID&gt;&lt;/ProjectedCoordinateSystem&gt;</peXml></coordRef><lineage><Process Date="20210402" Time="014534" ToolSource="c:\program files (x86)\arcgis\desktop10.5\ArcToolbox\Toolboxes\Data Management Tools.tbx\CopyFeatures">CopyFeatures E:\BatchJobs\DBConnections\t@edit@garnet.sde\EDIT.T.AdministrativeAreas\EDIT.T.ZIPCODE E:\Data\Publish\Staging.gdb\ZIPCODE # 0 0 0</Process><Process Date="20210402" Time="014535" ToolSource="c:\program files (x86)\arcgis\desktop10.5\ArcToolbox\Toolboxes\Data Management Tools.tbx\AddIndex">AddIndex E:\Data\Publish\Staging.gdb\ZIPCODE ZIP ZIPCODE_ZIP_IDX NON_UNIQUE NON_ASCENDING</Process><Process Date="20210402" Time="014536" ToolSource="c:\program files (x86)\arcgis\desktop10.5\ArcToolbox\Toolboxes\Data Management Tools.tbx\AddIndex">AddIndex E:\Data\Publish\Staging.gdb\ZIPCODE COMMUNITY ZIPCODE_COMMUNITY_IDX NON_UNIQUE NON_ASCENDING</Process><Process Date="20210402" Time="195313" ToolSource="c:\program files (x86)\arcgis\desktop10.5\ArcToolbox\Toolboxes\Data Management Tools.tbx\Copy">Copy E:\Data\Publish\Staging.gdb\ZIPCODE E:\BatchJobs\DBConnections\garnet@warehouse@sangis.sde\Warehouse.SANGIS.ZIPCODE FeatureClass</Process><Process Date="20210402" Time="195314" ToolSource="c:\program files (x86)\arcgis\desktop10.5\ArcToolbox\Toolboxes\Data Management Tools.tbx\ChangePrivileges">ChangePrivileges E:\BatchJobs\DBConnections\garnet@warehouse@sangis.sde\ZIPCODE SANGIS1 GRANT AS_IS</Process><Process Date="20210405" Time="065308" ToolSource="c:\program files (x86)\arcgis\desktop10.5\ArcToolbox\Toolboxes\Conversion Tools.tbx\FeatureClassToFeatureClass">FeatureClassToFeatureClass E:\share\SanGIS_apps\DIVA\DIVA_Exports\PUBLIC_Process\Garnet@Warehouse@Repection.sde\Warehouse.SANGIS.ZIPCODE E:\share\data\DIVA_Data\PUBLIC_Data\Shapefiles_2021-04-05 ZIP_CODES.shp # "ZIP "ZIP" true true false 4 Long 0 10 ,First,#,E:\share\SanGIS_apps\DIVA\DIVA_Exports\PUBLIC_Process\Garnet@Warehouse@Repection.sde\Warehouse.SANGIS.ZIPCODE,ZIP,-1,-1;COMMUNITY "COMMUNITY" true true false 20 Text 0 0 ,First,#,E:\share\SanGIS_apps\DIVA\DIVA_Exports\PUBLIC_Process\Garnet@Warehouse@Repection.sde\Warehouse.SANGIS.ZIPCODE,COMMUNITY,-1,-1;SHAPE_STAr "SHAPE_STAr" false false true 0 Double 0 0 ,First,#,E:\share\SanGIS_apps\DIVA\DIVA_Exports\PUBLIC_Process\Garnet@Warehouse@Repection.sde\Warehouse.SANGIS.ZIPCODE,SHAPE.STArea(),-1,-1;SHAPE_STLe "SHAPE_STLe" false false true 0 Double 0 0 ,First,#,E:\share\SanGIS_apps\DIVA\DIVA_Exports\PUBLIC_Process\Garnet@Warehouse@Repection.sde\Warehouse.SANGIS.ZIPCODE,SHAPE.STLength(),-1,-1" #</Process><Process Date="20210405" Time="065310" ToolSource="c:\program files (x86)\arcgis\desktop10.5\ArcToolbox\Toolboxes\Data Management Tools.tbx\RepairGeometry">RepairGeometry E:\share\data\DIVA_Data\PUBLIC_Data\Shapefiles_2021-04-05\\ZIP_CODES.shp DELETE_NULL</Process></lineage></DataProperties><SyncDate>20210405</SyncDate><SyncTime>06531200</SyncTime><ModDate>20210405</ModDate><ModTime>06531200</ModTime><scaleRange><minScale>150000000</minScale><maxScale>5000</maxScale></scaleRange></Esri><mdLang><languageCode value="eng" /><countryCode Sync="TRUE" value="USA" /></mdLang><mdChar><CharSetCd value="004" /></mdChar><mdHrLv><ScopeCd value="005" /></mdHrLv><mdContact><rpOrgName>SanGIS</rpOrgName><rpCntInfo><cntPhone><voiceNum>(858) 874-7000</voiceNum><faxNum>(858) 874-7002</faxNum></cntPhone><cntAddress addressType="both"><delPoint>5510 Overland Avenue, Suite 230</delPoint><city>San Diego</city><adminArea>California</adminArea><postCode>92123</postCode><country>US</country><eMailAdd>webmaster@sangis.org</eMailAdd></cntAddress><cntHours>8 AM to 4:00 PM Monday thru Friday</cntHours></rpCntInfo><role><RoleCd value="007" /></role><rpIndName>Data Librarian</rpIndName><rpPosName>Data Librarian</rpPosName></mdContact><mdStanName>ArcGIS Metadata</mdStanName><mdStanVer>1.0</mdStanVer><distInfo><distributor><distorCont><rpOrgName>SanGIS</rpOrgName><rpCntInfo><cntPhone><voiceNum>(858) 874-7000</voiceNum><faxNum>(858) 874-7002</faxNum></cntPhone><cntAddress addressType="both"><delPoint>5510 Overland Avenue, Suite 230</delPoint><city>San Diego</city><adminArea>California</adminArea><postCode>92123</postCode><country>US</country><eMailAdd>webmaster@sangis.org</eMailAdd></cntAddress><cntHours>8 AM to 4:00 PM Monday thru Friday</cntHours></rpCntInfo><role><RoleCd value="007" /></role><rpIndName>Data Librarian</rpIndName><rpPosName>Data Librarian</rpPosName><displayName>Data Librarian</displayName></distorCont><distorOrdPrc><ordInstr>Refer to SanGIS website (http://www.sangis.org/services/index.html) to obtain further information on mapping and data extraction services available from SanGIS.</ordInstr></distorOrdPrc><distorTran><onLineSrc><linkage>www.sangis.org</linkage><orDesc>The roads_all dataset is available for download as shapefile from http://www.sangis.org/download.index.html and roads can also be viewed on the SanGIS interactive webmap (http://sdgis.sandag.org;)</orDesc></onLineSrc></distorTran></distributor><distFormat><formatName Sync="TRUE">Shapefile</formatName></distFormat><distTranOps><transSize Sync="TRUE">2.090</transSize></distTranOps></distInfo><dataIdInfo><idCitation><citRespParty><rpOrgName>United States Post Office</rpOrgName><role><RoleCd value="006" /></role></citRespParty><presForm><fgdcGeoform>vector digital data</fgdcGeoform><PresFormCd Sync="TRUE" value="005" /></presForm><citRespParty><rpOrgName>SanGIS</rpOrgName><rpCntInfo><cntPhone><voiceNum>(858) 874-7000</voiceNum><faxNum>(858) 874-7002</faxNum></cntPhone><cntAddress addressType="both"><delPoint>5510 Overland Avenue, Suite 230</delPoint><city>San Diego</city><adminArea>California</adminArea><postCode>92123</postCode><country>US</country><eMailAdd>webmaster@sangis.org</eMailAdd></cntAddress><cntHours>8 AM to 4:00 PM Monday thru Friday</cntHours></rpCntInfo><role><RoleCd value="007" /></role><displayName>SanGIS</displayName></citRespParty><date><pubDate>2021-04-05T00:00:00</pubDate></date><resTitle Sync="TRUE">ZIP_CODES</resTitle></idCitation><idAbs>Approximate areas covered by each US Postal Service (USPS) Zip Code in San Diego County. Areas are approximate boundaries only as determined by SanGIS and SanGIS JPA member users and associates. Does not represent an official depiction of USPS Zip Code boundaries. Does not represent all zip codes that may be used in the County. Certain Zip Codes are assigned for post office boxes only and cannot be represented by polygons. Note that the USPS does not define a Zip Code as an area. USPS defines a zip code as the identifier for the post office that mail will be delivered from. SanGIS Zip Code boundaries are approximated from situs addresses and information received from SanGIS JPA members and associates.</idAbs><idPurp>Approximate outline of area served for each US Postal Service Zip Code in San Diego County.</idPurp><idStatus><ProgCd value="004" /></idStatus><resMaint><maintFreq><MaintFreqCd value="009" /></maintFreq></resMaint><themeKeys><keyword>Zip</keyword><keyword>Zip code</keyword><keyword>San Diego County</keyword></themeKeys><searchKeys><keyword>Zip</keyword><keyword>Zip codes</keyword><keyword>San Diego County</keyword></searchKeys><resConst><LegConsts><othConsts>IMPORTANT READ THESE TERMS CAREFULLY BEFORE USING THIS DIGITAL DATA! Data Agreement and Disclaimer This data is collected from various sources and will change over time without notice. In using the data, users should be aware that some of these data are generalized and not parcel based, and were created for use in regional projects. While SanGIS believes the data is accurate and properly functioning, SanGIS disclaims any responsibility for the accuracy or correctness of the data. This data is provided on an "AS IS", "AS AVAILABLE" and "WITH ALL FAULTS" basis. SanGIS makes no warranties, express or implied, including but not limited to any warranties of merchantability or fitness for a particular purpose, nor shall the distribution of this information constitute any warranty. In no event shall SanGIS become liable to users of these data, or any other party, for any loss or damages, consequential or otherwise, including but not limited to time, money, or goodwill, arising from the use, operation or modification of the data. In using these data, you further agree to indemnify, defend, and hold harmless SanGIS for any and all liability of any nature arising out of or resulting from the lack of accuracy or correctness of the data, or the use of the data. To ensure that appropriate documentation and data limitations are provided, re-distribution of this data is strongly discouraged. Please acknowledge SanGIS as a source when SanGIS data are used in the preparation of reports, papers, publications, maps, and other products. This Agreement shall be construed in accordance with the laws of the United States and the State of California. Venue shall rest solely in the County of San Diego, State of California.</othConsts></LegConsts></resConst><resConst><Consts><useLimit>Data is generalized and created for use in regional projects. Please refer to SanGIS GIS data end user use agreement and disclaimer which is available at the following: http://www.sangis.org/Legal_Notice.html. Areas are approximate boundaries only as determined by SanGIS and SanGIS JPA member users and associates. Does not represent an official depiction of USPS Zip Code boundaries. Does not represent all zip codes that may be used in the County. </useLimit></Consts></resConst><dataLang><languageCode value="eng" /><countryCode Sync="TRUE" value="USA" /></dataLang><dataExt><exDesc>The spatial extent of this dataset is San Diego County.  The temporal extent is variable.</exDesc><tempEle><TempExtent><exTemp><TM_Instant><tmPosition>2021-04-03T00:00:00</tmPosition></TM_Instant></exTemp></TempExtent></tempEle><geoEle /></dataExt><placeKeys><keyword>California, County of San Diego, Carlsbad, Coronado, Chula Vista, Del Mar, El Cajon, Encinitas, Escondido, Imperial Beach, Lemon Grove, La Mesa, National City, Oceanside, Poway, San Diego, San Marcos, Solana Beach, Santee, Vista</keyword></placeKeys><dataChar><CharSetCd value="004" /></dataChar><idPoC><rpOrgName>SanGIS</rpOrgName><rpCntInfo><cntPhone><voiceNum>(858) 874-7000</voiceNum><faxNum>(858) 874-7002</faxNum></cntPhone><cntAddress addressType="both"><delPoint>5510 Overland Avenue, Suite 230</delPoint><city>San Diego</city><adminArea>California</adminArea><postCode>92123</postCode><country>US</country><eMailAdd>webmaster@sangis.org</eMailAdd></cntAddress><cntHours>8 AM to 4:00 PM Monday thru Friday</cntHours></rpCntInfo><role><RoleCd value="007" /></role><rpIndName>Operations Manager</rpIndName><rpPosName>Operations Manager</rpPosName><displayName>Data Librarian</displayName></idPoC><idCredit>SanGIS, Thomas Brothers Maps, SanGIS JPA members and associated agencies</idCredit><tpCat><TopicCatCd value="003" /></tpCat><tpCat><TopicCatCd value="013" /></tpCat><envirDesc Sync="TRUE"> Version 6.2 (Build 9200) ; Esri ArcGIS 10.5.1.7333</envirDesc><spatRpType><SpatRepTypCd Sync="TRUE" value="001" /></spatRpType><dataExt><geoEle><GeoBndBox esriExtentType="search"><exTypeCode Sync="TRUE">1</exTypeCode><westBL Sync="TRUE">-117.597981</westBL><eastBL Sync="TRUE">-116.080156</eastBL><northBL Sync="TRUE">33.511553</northBL><southBL Sync="TRUE">32.530161</southBL></GeoBndBox></geoEle></dataExt></dataIdInfo><mdMaint><maintFreq><MaintFreqCd value="009" /></maintFreq></mdMaint><eainfo><detailed Name="ZIP_CODES"><enttyp><enttypl Sync="TRUE">ZIP_CODES</enttypl><enttypt Sync="TRUE">Feature Class</enttypt><enttypc Sync="TRUE">123</enttypc><enttypd>Zip codes within the County of San Diego</enttypd><enttypds>SanGIS</enttypds></enttyp><attr><attrlabl Sync="TRUE">FID</attrlabl><attalias Sync="TRUE">FID</attalias><attrtype Sync="TRUE">OID</attrtype><attwidth Sync="TRUE">4</attwidth><atprecis Sync="TRUE">0</atprecis><attscale Sync="TRUE">0</attscale><attrdef Sync="TRUE">Internal feature number.</attrdef><attrdefs Sync="TRUE">Esri</attrdefs><attrdomv><udom Sync="TRUE">Sequential unique whole numbers that are automatically generated.</udom></attrdomv></attr><attr><attrlabl>Shape</attrlabl><attrdef>Feature geometry.</attrdef><attrdefs>ESRI</attrdefs><attrdomv><udom>Coordinates defining the features.</udom></attrdomv><attalias Sync="TRUE">Shape</attalias><attrtype Sync="TRUE">Geometry</attrtype><attwidth Sync="TRUE">0</attwidth><atprecis Sync="TRUE">0</atprecis><attscale Sync="TRUE">0</attscale></attr><attr><attrlabl>COMMUNITY</attrlabl><attrdef>Name of the post office for the given zip code as assigned by the US Postal Service.</attrdef><attrdefs>SanGIS</attrdefs><attrdomv><udom>Positive real numbers that are automatically generated.</udom></attrdomv><attalias Sync="TRUE">COMMUNITY</attalias><attrtype Sync="TRUE">String</attrtype><attwidth Sync="TRUE">20</attwidth><atprecis Sync="TRUE">0</atprecis><attscale Sync="TRUE">0</attscale></attr><attr><attrlabl>ZIP</attrlabl><attrdef>Five digit Zip Code number as determined by the US Postal Service</attrdef><attrdefs>SanGIS</attrdefs><attalias Sync="TRUE">ZIP</attalias><attrtype Sync="TRUE">Integer</attrtype><attwidth Sync="TRUE">10</attwidth><atprecis Sync="TRUE">10</atprecis><attscale Sync="TRUE">0</attscale></attr><attr><attrlabl Sync="TRUE">SHAPE_STAr</attrlabl><attalias Sync="TRUE">SHAPE_STAr</attalias><attrtype Sync="TRUE">Double</attrtype><attwidth Sync="TRUE">19</attwidth><atprecis Sync="TRUE">0</atprecis><attscale Sync="TRUE">0</attscale></attr><attr><attrlabl Sync="TRUE">SHAPE_STLe</attrlabl><attalias Sync="TRUE">SHAPE_STLe</attalias><attrtype Sync="TRUE">Double</attrtype><attwidth Sync="TRUE">19</attwidth><atprecis Sync="TRUE">0</atprecis><attscale Sync="TRUE">0</attscale></attr></detailed><overview><eaover>This dataset is keyed on the five digit Zip Code value assigned by the US Postal Service and provides the common name of the post office associated with that Zip Code.  Typically all zip codes in an incorporated city will have the same name as that of the municipality (e.g. Carlsbad).  One exception is that La Jolla has its own post office name even though it is within the City of San Diego.  Post offices in unincorporated areas will the common community name.  Post office assigned to Zip Codes are determined by the US Postal Service.</eaover></overview></eainfo><mdHrLvName Sync="TRUE">dataset</mdHrLvName><refSysInfo><RefSystem><refSysID><identCode Sync="TRUE" code="2230" /><idCodeSpace Sync="TRUE">EPSG</idCodeSpace><idVersion Sync="TRUE">5.3(9.0.0)</idVersion></refSysID></RefSystem></refSysInfo><spatRepInfo><VectSpatRep><geometObjs Name="ZIP_CODES"><geoObjTyp><GeoObjTypCd Sync="TRUE" value="002" /></geoObjTyp><geoObjCnt Sync="TRUE">123</geoObjCnt></geometObjs><topLvl><TopoLevCd Sync="TRUE" value="001" /></topLvl></VectSpatRep></spatRepInfo><spdoinfo><ptvctinf><esriterm Name="ZIP_CODES"><efeatyp Sync="TRUE">Simple</efeatyp><efeageom Sync="TRUE" code="4" /><esritopo Sync="TRUE">FALSE</esritopo><efeacnt Sync="TRUE">123</efeacnt><spindex Sync="TRUE">FALSE</spindex><linrefer Sync="TRUE">FALSE</linrefer></esriterm></ptvctinf></spdoinfo><mdDateSt Sync="TRUE">20210405</mdDateSt></metadata>